series_id,date,real,nominal
DJIA,1/1/1915,1448.1,56.54
DJIA,2/1/1915,1423.26,55.02
DJIA,3/1/1915,1589.43,60.83
DJIA,4/1/1915,1856.81,71.78
DJIA,5/1/1915,1665.04,65.01
DJIA,6/1/1915,1794.38,70.06
DJIA,7/1/1915,1934.47,75.53
DJIA,8/1/1915,2079.69,81.2
DJIA,9/1/1915,2319.93,90.58
DJIA,10/1/1915,2417.92,95.34
DJIA,11/1/1915,2428.77,96.71
DJIA,12/1/1915,2490.05,99.15
DJIA,1/1/1916,2253,90.58
DJIA,2/1/1916,2264.19,91.03
DJIA,3/1/1916,2297.31,93.25
DJIA,4/1/1916,2187.82,89.65
DJIA,5/1/1916,2219.36,91.8
DJIA,6/1/1916,2145.62,89.58
DJIA,7/1/1916,2137.72,89.25
DJIA,8/1/1916,2189.28,92.25
DJIA,9/1/1916,2417.32,103.73
DJIA,10/1/1916,2394.73,104.61
DJIA,11/1/1916,2383.69,105.97
DJIA,12/1/1916,2118.5,95
DJIA,1/1/1917,2109.86,95.43
DJIA,2/1/1917,1973.76,91.56
DJIA,3/1/1917,2084.99,96.72
DJIA,4/1/1917,1914.01,93.23
DJIA,5/1/1917,1967.95,97.38
DJIA,6/1/1917,1897.87,95.38
DJIA,7/1/1917,1854.18,91.75
DJIA,8/1/1917,1659.49,83.4
DJIA,9/1/1917,1623.21,83.46
DJIA,10/1/1917,1427.49,74.5
DJIA,11/1/1917,1392.05,72.65
DJIA,12/1/1917,1404.44,74.38
DJIA,1/1/1918,1474.46,79.8
DJIA,2/1/1918,1474.83,80.39
DJIA,3/1/1918,1411.83,76.41
DJIA,4/1/1918,1412,77.51
DJIA,5/1/1918,1392.95,78.08
DJIA,6/1/1918,1453.16,82.58
DJIA,7/1/1918,1391.55,81.23
DJIA,8/1/1918,1385.08,82.46
DJIA,9/1/1918,1395.19,84.68
DJIA,10/1/1918,1382.44,85.51
DJIA,11/1/1918,1284.36,80.93
DJIA,12/1/1918,1288.65,82.2
DJIA,1/1/1919,1263.72,80.61
DJIA,2/1/1919,1354.25,84.81
DJIA,3/1/1919,1401.43,88.85
DJIA,4/1/1919,1438.71,92.88
DJIA,5/1/1919,1614.78,105.5
DJIA,6/1/1919,1637.44,106.98
DJIA,7/1/1919,1593.15,107.16
DJIA,8/1/1919,1530.92,104.75
DJIA,9/1/1919,1619.16,111.42
DJIA,10/1/1919,1699.6,118.92
DJIA,11/1/1919,1450.32,103.72
DJIA,12/1/1919,1467.66,107.23
DJIA,1/1/1920,1396.73,104.21
DJIA,2/1/1920,1209.59,91.18
DJIA,3/1/1920,1350,102.81
DJIA,4/1/1920,1191.98,93.54
DJIA,5/1/1920,1152.86,91.81
DJIA,6/1/1920,1123.34,90.76
DJIA,7/1/1920,1080.07,86.85
DJIA,8/1/1920,1097.94,86.16
DJIA,9/1/1920,1072.88,82.95
DJIA,10/1/1920,1105.95,85.08
DJIA,11/1/1920,993.46,76.04
DJIA,12/1/1920,959.38,71.95
DJIA,1/1/1921,1036.51,76.13
DJIA,2/1/1921,1054.14,74.98
DJIA,3/1/1921,1070.87,75.76
DJIA,4/1/1921,1122.92,78.57
DJIA,5/1/1921,1073.33,73.44
DJIA,6/1/1921,1006.08,68.45
DJIA,7/1/1921,999.23,68.37
DJIA,8/1/1921,980.81,67.11
DJIA,9/1/1921,1050.7,71.08
DJIA,10/1/1921,1082.19,73.21
DJIA,11/1/1921,1149.22,77.3
DJIA,12/1/1921,1208.12,80.8
DJIA,1/1/1922,1244.38,81.3
DJIA,2/1/1922,1308.05,85.46
DJIA,3/1/1922,1379.38,89.05
DJIA,4/1/1922,1424,91.93
DJIA,5/1/1922,1487.5,96.03
DJIA,6/1/1922,1439.49,92.93
DJIA,7/1/1922,1494.38,97.05
DJIA,8/1/1922,1570.45,100.78
DJIA,9/1/1922,1513.42,97.12
DJIA,10/1/1922,1488.74,96.11
DJIA,11/1/1922,1457.42,94.65
DJIA,12/1/1922,1502.59,98.17
DJIA,1/1/1923,1500.23,97.43
DJIA,2/1/1923,1599.85,103.9
DJIA,3/1/1923,1582.45,102.77
DJIA,4/1/1923,1505.8,98.38
DJIA,5/1/1923,1492.79,97.53
DJIA,6/1/1923,1345.09,88.4
DJIA,7/1/1923,1307.04,86.91
DJIA,8/1/1923,1413.77,93.46
DJIA,9/1/1923,1322.98,87.97
DJIA,10/1/1923,1323.7,88.53
DJIA,11/1/1923,1380.67,92.34
DJIA,12/1/1923,1428.22,95.52
DJIA,1/1/1924,1505.07,100.66
DJIA,2/1/1924,1469.16,97.69
DJIA,3/1/1924,1395.92,92.28
DJIA,4/1/1924,1379.03,90.63
DJIA,5/1/1924,1367.92,89.9
DJIA,6/1/1924,1466.37,96.37
DJIA,7/1/1924,1545.07,102.14
DJIA,8/1/1924,1584.59,104.14
DJIA,9/1/1924,1560.5,103.16
DJIA,10/1/1924,1564.96,104.06
DJIA,11/1/1924,1670.83,111.1
DJIA,12/1/1924,1801.87,120.51
DJIA,1/1/1925,1846.42,123.49
DJIA,2/1/1925,1838.37,122.24
DJIA,3/1/1925,1745.65,116.75
DJIA,4/1/1925,1804.83,120.01
DJIA,5/1/1925,1943.01,129.95
DJIA,6/1/1925,1936.59,131.01
DJIA,7/1/1925,1955.63,133.81
DJIA,8/1/1925,2063.35,141.18
DJIA,9/1/1925,2096.67,143.46
DJIA,10/1/1925,2274.82,155.65
DJIA,11/1/1925,2171.17,151.08
DJIA,12/1/1925,2183.26,151.08
DJIA,1/1/1926,2273.86,157.35
DJIA,2/1/1926,2235.28,154.68
DJIA,3/1/1926,2041.16,140.46
DJIA,4/1/1926,2076.75,143.71
DJIA,5/1/1926,2084.32,143.43
DJIA,6/1/1926,2236.68,153.04
DJIA,7/1/1926,2367.78,160.18
DJIA,8/1/1926,2416.04,162.51
DJIA,9/1/1926,2338.36,158.19
DJIA,10/1/1926,2215.87,150.76
DJIA,11/1/1926,2287.98,156.55
DJIA,12/1/1926,2297.48,157.2
DJIA,1/1/1927,2312.05,156.41
DJIA,2/1/1927,2407.86,161.96
DJIA,3/1/1927,2393.52,160.08
DJIA,4/1/1927,2461.7,164.64
DJIA,5/1/1927,2571.4,172.96
DJIA,6/1/1927,2443.25,166.23
DJIA,7/1/1927,2712.29,181.4
DJIA,8/1/1927,2854.25,189.79
DJIA,9/1/1927,2954.37,197.59
DJIA,10/1/1927,2701.78,181.73
DJIA,11/1/1927,2963.64,198.21
DJIA,12/1/1927,3000.87,200.7
DJIA,1/1/1928,2969.32,198.59
DJIA,2/1/1928,2946.44,194.78
DJIA,3/1/1928,3243.99,214.45
DJIA,4/1/1928,3201.33,211.63
DJIA,5/1/1928,3305.72,219.81
DJIA,6/1/1928,3182.27,210.37
DJIA,7/1/1928,3267.43,216
DJIA,8/1/1928,3636.68,240.41
DJIA,9/1/1928,3549.31,237.38
DJIA,10/1/1928,3792.23,252.16
DJIA,11/1/1928,4412.14,293.38
DJIA,12/1/1928,4538.1,300
DJIA,1/1/1929,4802.97,317.51
DJIA,2/1/1929,4801.46,317.41
DJIA,3/1/1929,4699.46,308.85
DJIA,4/1/1929,4887.05,319.29
DJIA,5/1/1929,4525.39,297.41
DJIA,6/1/1929,5049.24,333.79
DJIA,7/1/1929,5198.81,347.7
DJIA,8/1/1929,5686.69,380.33
DJIA,9/1/1929,5135.26,343.45
DJIA,10/1/1929,4089.52,273.51
DJIA,11/1/1929,3572.78,238.95
DJIA,12/1/1929,3736.89,248.48
DJIA,1/1/1930,4041.03,267.14
DJIA,2/1/1930,4125.21,271.11
DJIA,3/1/1930,4379.05,286.1
DJIA,4/1/1930,4248.76,279.23
DJIA,5/1/1930,4210.22,275.07
DJIA,6/1/1930,3485.18,226.34
DJIA,7/1/1930,3646.27,233.99
DJIA,8/1/1930,3769.06,240.42
DJIA,9/1/1930,3192.96,204.9
DJIA,10/1/1930,2874.38,183.35
DJIA,11/1/1930,2892.61,183.39
DJIA,12/1/1930,2644.31,164.58
DJIA,1/1/1931,2725.87,167.55
DJIA,2/1/1931,3124.84,189.66
DJIA,3/1/1931,2858.07,172.36
DJIA,4/1/1931,2523.21,151.19
DJIA,5/1/1931,2171.87,128.46
DJIA,6/1/1931,2572.73,150.18
DJIA,7/1/1931,2319.37,135.39
DJIA,8/1/1931,2388.23,139.41
DJIA,9/1/1931,1666.04,96.61
DJIA,10/1/1931,1830.37,105.43
DJIA,11/1/1931,1651.83,93.87
DJIA,12/1/1931,1380.23,77.9
DJIA,1/1/1932,1378.2,76.19
DJIA,2/1/1932,1494.1,81.44
DJIA,3/1/1932,1353.99,73.28
DJIA,4/1/1932,1044.21,56.11
DJIA,5/1/1932,844.78,44.74
DJIA,6/1/1932,814.82,42.84
DJIA,7/1/1932,1032.03,54.26
DJIA,8/1/1932,1401.82,73.16
DJIA,9/1/1932,1381.39,71.56
DJIA,10/1/1932,1203.89,61.9
DJIA,11/1/1932,1104.29,56.35
DJIA,12/1/1932,1183.38,59.93
DJIA,1/1/1933,1221.23,60.9
DJIA,2/1/1933,1046.71,51.39
DJIA,3/1/1933,1137.36,55.4
DJIA,4/1/1933,1594.36,77.66
DJIA,5/1/1933,1808.9,88.11
DJIA,6/1/1933,1998.92,98.14
DJIA,7/1/1933,1792.34,90.77
DJIA,8/1/1933,2006.93,102.41
DJIA,9/1/1933,1858.19,94.82
DJIA,10/1/1933,1727.67,88.16
DJIA,11/1/1933,1923.25,98.14
DJIA,12/1/1933,1957.74,99.9
DJIA,1/1/1934,2101.19,107.22
DJIA,2/1/1934,2012.19,103.46
DJIA,3/1/1934,1980.88,101.85
DJIA,4/1/1934,1954.43,100.49
DJIA,5/1/1934,1828.21,94
DJIA,6/1/1934,1847.78,95.72
DJIA,7/1/1934,1699.72,88.05
DJIA,8/1/1934,1792.57,92.86
DJIA,9/1/1934,1761.82,92.63
DJIA,10/1/1934,1788.87,93.36
DJIA,11/1/1934,1972.43,102.94
DJIA,12/1/1934,2008.39,104.04
DJIA,1/1/1935,1934.14,101.69
DJIA,2/1/1935,1933.14,102.38
DJIA,3/1/1935,1903.49,100.81
DJIA,4/1/1935,2051.64,109.45
DJIA,5/1/1935,2073.95,110.64
DJIA,6/1/1935,2232.04,118.21
DJIA,7/1/1935,2383.47,126.23
DJIA,8/1/1935,2414.82,127.89
DJIA,9/1/1935,2490.91,131.92
DJIA,10/1/1935,2638.57,139.74
DJIA,11/1/1935,2668.35,142.35
DJIA,12/1/1935,2701.72,144.13
DJIA,1/1/1936,2802.19,149.49
DJIA,2/1/1936,2852.05,152.15
DJIA,3/1/1936,2952.01,156.34
DJIA,4/1/1936,2750.54,145.67
DJIA,5/1/1936,2882.15,152.64
DJIA,6/1/1936,2955.9,157.69
DJIA,7/1/1936,3068.04,164.86
DJIA,8/1/1936,3072.54,166.29
DJIA,9/1/1936,3100.81,167.82
DJIA,10/1/1936,3273.94,177.19
DJIA,11/1/1936,3385.36,183.22
DJIA,12/1/1936,3324.01,179.9
DJIA,1/1/1937,3407.59,185.74
DJIA,2/1/1937,3436.21,187.3
DJIA,3/1/1937,3395.83,186.41
DJIA,4/1/1937,3152.37,174.27
DJIA,5/1/1937,3138.49,174.71
DJIA,6/1/1937,3041.66,169.32
DJIA,7/1/1937,3311.28,185.61
DJIA,8/1/1937,3164.99,177.41
DJIA,9/1/1937,2738.67,154.57
DJIA,10/1/1937,2448.1,138.17
DJIA,11/1/1937,2202.88,123.48
DJIA,12/1/1937,2170.95,120.85
DJIA,1/1/1938,2220.11,121.87
DJIA,2/1/1938,2378.38,129.64
DJIA,3/1/1938,1815.34,98.95
DJIA,4/1/1938,2027.19,111.28
DJIA,5/1/1938,1976.6,107.74
DJIA,6/1/1938,2456.16,133.88
DJIA,7/1/1938,2591.37,141.25
DJIA,8/1/1938,2555.05,139.27
DJIA,9/1/1938,2595.04,141.45
DJIA,10/1/1938,2803.52,151.73
DJIA,11/1/1938,2768.22,149.82
DJIA,12/1/1938,2859.5,154.76
DJIA,1/1/1939,2656.25,143.76
DJIA,2/1/1939,2741.25,147.3
DJIA,3/1/1939,2453.54,131.84
DJIA,4/1/1939,2407.8,128.45
DJIA,5/1/1939,2590.18,138.18
DJIA,6/1/1939,2448.66,130.63
DJIA,7/1/1939,2685.41,143.26
DJIA,8/1/1939,2519.52,134.41
DJIA,9/1/1939,2798.5,152.54
DJIA,10/1/1939,2806.29,151.88
DJIA,11/1/1939,2691.91,145.69
DJIA,12/1/1939,2775.98,150.24
DJIA,1/1/1940,2704.59,145.33
DJIA,2/1/1940,2707.62,146.54
DJIA,3/1/1940,2733.67,147.95
DJIA,4/1/1940,2742.54,148.43
DJIA,5/1/1940,2147.4,116.22
DJIA,6/1/1940,2235.83,121.87
DJIA,7/1/1940,2330.69,126.14
DJIA,8/1/1940,2391.29,129.42
DJIA,9/1/1940,2450.79,132.64
DJIA,10/1/1940,2487.19,134.61
DJIA,11/1/1940,2420.49,131
DJIA,12/1/1940,2405.71,131.13
DJIA,1/1/1941,2277.29,124.13
DJIA,2/1/1941,2237.66,121.97
DJIA,3/1/1941,2235.59,122.72
DJIA,4/1/1941,2090,115.54
DJIA,5/1/1941,2079.51,115.76
DJIA,6/1/1941,2166.89,123.14
DJIA,7/1/1941,2266.32,128.79
DJIA,8/1/1941,2217,127.7
DJIA,9/1/1941,2172.55,126.82
DJIA,10/1/1941,1991.98,117.82
DJIA,11/1/1941,1918.72,114.23
DJIA,12/1/1941,1851.81,110.96
DJIA,1/1/1942,1797.7,109.11
DJIA,2/1/1942,1748.37,106.79
DJIA,3/1/1942,1609.1,99.53
DJIA,4/1/1942,1531.99,95.35
DJIA,5/1/1942,1600.97,100.88
DJIA,6/1/1942,1640.01,103.34
DJIA,7/1/1942,1667.52,105.72
DJIA,8/1/1942,1666.94,106.33
DJIA,9/1/1942,1710.52,109.11
DJIA,10/1/1942,1766.94,114.07
DJIA,11/1/1942,1763.07,114.5
DJIA,12/1/1942,1827.54,119.4
DJIA,1/1/1943,1922.13,125.58
DJIA,2/1/1943,1991.46,130.11
DJIA,3/1/1943,2053.88,136.57
DJIA,4/1/1943,2014.18,135.48
DJIA,5/1/1943,2099.93,142.06
DJIA,6/1/1943,2119.44,143.38
DJIA,7/1/1943,2021.17,135.95
DJIA,8/1/1943,2042.74,136.62
DJIA,9/1/1943,2083.16,140.12
DJIA,10/1/1943,2055.66,138.27
DJIA,11/1/1943,1926.32,129.57
DJIA,12/1/1943,2020.28,135.89
DJIA,1/1/1944,2042.73,137.4
DJIA,2/1/1944,2026.37,136.3
DJIA,3/1/1944,2064.13,138.84
DJIA,4/1/1944,2013.75,136.23
DJIA,5/1/1944,2102.59,142.24
DJIA,6/1/1944,2180.89,148.38
DJIA,7/1/1944,2135.4,146.11
DJIA,8/1/1944,2148.26,146.99
DJIA,9/1/1944,2144.46,146.73
DJIA,10/1/1944,2141.54,146.53
DJIA,11/1/1944,2153.23,147.33
DJIA,12/1/1944,2213.51,152.32
DJIA,1/1/1945,2233.13,153.67
DJIA,2/1/1945,2330.93,160.4
DJIA,3/1/1945,2243.89,154.41
DJIA,4/1/1945,2404.17,165.44
DJIA,5/1/1945,2432.1,168.3
DJIA,6/1/1945,2362.32,165.29
DJIA,7/1/1945,2327.88,162.88
DJIA,8/1/1945,2490.95,174.29
DJIA,9/1/1945,2597,181.71
DJIA,10/1/1945,2666.89,186.6
DJIA,11/1/1945,2736.35,191.46
DJIA,12/1/1945,2741.83,192.91
DJIA,1/1/1946,2908.97,204.67
DJIA,2/1/1946,2716.77,190.09
DJIA,3/1/1946,2823.47,199.75
DJIA,4/1/1946,2906.98,206.77
DJIA,5/1/1946,2968.31,212.28
DJIA,6/1/1946,2844.34,205.62
DJIA,7/1/1946,2633.38,201.56
DJIA,8/1/1946,2422.77,189.19
DJIA,9/1/1946,2186.29,172.42
DJIA,10/1/1946,2103.55,169.15
DJIA,11/1/1946,2062.22,169.8
DJIA,12/1/1946,2132.07,177.2
DJIA,1/1/1947,2171.05,180.44
DJIA,2/1/1947,2152.52,178.9
DJIA,3/1/1947,2093.09,177.2
DJIA,4/1/1947,2015.6,170.64
DJIA,5/1/1947,1999.18,169.25
DJIA,6/1/1947,2084.69,177.3
DJIA,7/1/1947,2134.41,183.18
DJIA,8/1/1947,2056.24,178.85
DJIA,9/1/1947,1996.23,177.49
DJIA,10/1/1947,2044.82,181.81
DJIA,11/1/1947,2008.92,179.4
DJIA,12/1/1947,2002.72,181.16
DJIA,1/1/1948,1910.67,175.05
DJIA,2/1/1948,1841.64,167.3
DJIA,3/1/1948,1958.95,177.2
DJIA,4/1/1948,1961.96,180.51
DJIA,5/1/1948,2064.38,190.74
DJIA,6/1/1948,2033.66,189.46
DJIA,7/1/1948,1922.46,181.33
DJIA,8/1/1948,1918.49,181.71
DJIA,9/1/1948,1882.49,178.3
DJIA,10/1/1948,1999.75,188.62
DJIA,11/1/1948,1829.96,171.2
DJIA,12/1/1948,1903.14,177.3
DJIA,1/1/1949,1930.56,179.12
DJIA,2/1/1949,1880.99,173.06
DJIA,3/1/1949,1924.9,177.1
DJIA,4/1/1949,1884.93,174.16
DJIA,5/1/1949,1829.9,168.36
DJIA,6/1/1949,1811.99,167.42
DJIA,7/1/1949,1920.17,175.92
DJIA,8/1/1949,1941.86,178.66
DJIA,9/1/1949,1975.31,182.51
DJIA,10/1/1949,2068.83,189.54
DJIA,11/1/1949,2081.96,191.55
DJIA,12/1/1949,2193.62,200.13
DJIA,1/1/1950,2221.3,201.79
DJIA,2/1/1950,2239.47,203.44
DJIA,3/1/1950,2258.51,206.05
DJIA,4/1/1950,2349.27,214.33
DJIA,5/1/1950,2438.63,223.42
DJIA,6/1/1950,2272.82,209.11
DJIA,7/1/1950,2247.7,209.4
DJIA,8/1/1950,2308.58,216.87
DJIA,9/1/1950,2399.87,226.36
DJIA,10/1/1950,2365.98,225.01
DJIA,11/1/1950,2383.65,227.6
DJIA,12/1/1950,2435.79,235.41
DJIA,1/1/1951,2534.08,248.83
DJIA,2/1/1951,2536.88,252.05
DJIA,3/1/1951,2485.85,247.94
DJIA,4/1/1951,2598.04,259.13
DJIA,5/1/1951,2493.5,249.65
DJIA,6/1/1951,2423.49,242.64
DJIA,7/1/1951,2575.51,257.86
DJIA,8/1/1951,2699.26,270.25
DJIA,9/1/1951,2687.47,271.16
DJIA,10/1/1951,2590.18,262.35
DJIA,11/1/1951,2559.92,261.27
DJIA,12/1/1951,2627.95,269.23
DJIA,1/1/1952,2642.21,270.69
DJIA,2/1/1952,2558.15,260.08
DJIA,3/1/1952,2650.41,269.46
DJIA,4/1/1952,2524.26,257.63
DJIA,5/1/1952,2576.29,262.94
DJIA,6/1/1952,2677.05,274.26
DJIA,7/1/1952,2708.38,279.56
DJIA,8/1/1952,2664.59,275.04
DJIA,9/1/1952,2621.67,270.61
DJIA,10/1/1952,2608.3,269.23
DJIA,11/1/1952,2748.1,283.66
DJIA,12/1/1952,2827.93,291.9
DJIA,1/1/1953,2818.01,289.77
DJIA,2/1/1953,2774.76,284.27
DJIA,3/1/1953,2721.74,279.87
DJIA,4/1/1953,2671.94,274.75
DJIA,5/1/1953,2637.85,272.28
DJIA,6/1/1953,2589.25,268.26
DJIA,7/1/1953,2657.97,275.38
DJIA,8/1/1953,2511.89,261.22
DJIA,9/1/1953,2539.01,264.04
DJIA,10/1/1953,2642.54,275.81
DJIA,11/1/1953,2705.65,281.37
DJIA,12/1/1953,2701.13,280.9
DJIA,1/1/1954,2811.62,292.39
DJIA,2/1/1954,2832.3,294.54
DJIA,3/1/1954,2918.55,303.51
DJIA,4/1/1954,3082.17,319.33
DJIA,5/1/1954,3149.14,327.49
DJIA,6/1/1954,3207.22,333.53
DJIA,7/1/1954,3345.6,347.92
DJIA,8/1/1954,3229.05,335.8
DJIA,9/1/1954,3479.16,360.46
DJIA,10/1/1954,3398.86,352.14
DJIA,11/1/1954,3733.1,386.77
DJIA,12/1/1954,3917.73,404.39
DJIA,1/1/1955,3960.75,408.83
DJIA,2/1/1955,3990.2,411.87
DJIA,3/1/1955,3969.17,409.7
DJIA,4/1/1955,4123.7,425.65
DJIA,5/1/1955,4116.04,424.86
DJIA,6/1/1955,4372.97,451.38
DJIA,7/1/1955,4496.38,465.85
DJIA,8/1/1955,4518.87,468.18
DJIA,9/1/1955,4487.02,466.62
DJIA,10/1/1955,4374.03,454.87
DJIA,11/1/1955,4647.03,483.26
DJIA,12/1/1955,4714.04,488.4
DJIA,1/1/1956,4543.58,470.74
DJIA,2/1/1956,4668.19,483.65
DJIA,3/1/1956,4939.8,511.79
DJIA,4/1/1956,4963.01,516.12
DJIA,5/1/1956,4580.2,478.05
DJIA,6/1/1956,4686.34,492.78
DJIA,7/1/1956,4888.64,517.81
DJIA,8/1/1956,4756.83,502.04
DJIA,9/1/1956,4486.84,475.25
DJIA,10/1/1956,4513.47,479.85
DJIA,11/1/1956,4446.97,472.78
DJIA,12/1/1956,4681.03,499.47
DJIA,1/1/1957,4490.69,479.16
DJIA,2/1/1957,4339.09,464.62
DJIA,3/1/1957,4418.11,474.81
DJIA,4/1/1957,4583.71,494.36
DJIA,5/1/1957,4665.05,504.93
DJIA,6/1/1957,4633.29,503.29
DJIA,7/1/1957,4648.38,508.52
DJIA,8/1/1957,4427.44,484.35
DJIA,9/1/1957,4171.04,456.3
DJIA,10/1/1957,4031.55,441.04
DJIA,11/1/1957,4097.42,449.87
DJIA,12/1/1957,3968.26,435.69
DJIA,1/1/1958,4070.43,450.02
DJIA,2/1/1958,3979.08,439.92
DJIA,3/1/1958,4012.8,446.76
DJIA,4/1/1958,4080.4,455.86
DJIA,5/1/1958,4141.63,462.7
DJIA,6/1/1958,4280.19,478.18
DJIA,7/1/1958,4486.67,502.99
DJIA,8/1/1958,4552.75,508.63
DJIA,9/1/1958,4762.74,532.09
DJIA,10/1/1958,4862.36,543.22
DJIA,11/1/1958,4972.54,557.46
DJIA,12/1/1958,5224.25,583.65
DJIA,1/1/1959,5298.12,593.96
DJIA,2/1/1959,5401.93,603.5
DJIA,3/1/1959,5385.91,601.71
DJIA,4/1/1959,5563.85,623.75
DJIA,5/1/1959,5742.61,643.79
DJIA,6/1/1959,5720.96,643.6
DJIA,7/1/1959,5978.76,674.88
DJIA,8/1/1959,5886.01,664.41
DJIA,9/1/1959,5577.1,631.68
DJIA,10/1/1959,5689.43,646.6
DJIA,11/1/1959,5800.12,659.18
DJIA,12/1/1959,5977.69,679.36
DJIA,1/1/1960,5497.11,622.62
DJIA,2/1/1960,5544.43,630.12
DJIA,3/1/1960,5425.38,616.59
DJIA,4/1/1960,5276.31,601.7
DJIA,5/1/1960,5485.01,625.5
DJIA,6/1/1960,5598.38,640.62
DJIA,7/1/1960,5389.6,616.73
DJIA,8/1/1960,5470.53,625.99
DJIA,9/1/1960,5069.84,580.14
DJIA,10/1/1960,5037.52,580.36
DJIA,11/1/1960,5183.87,597.22
DJIA,12/1/1960,5345.93,615.89
DJIA,1/1/1961,5626.38,648.2
DJIA,2/1/1961,5746.85,662.08
DJIA,3/1/1961,5873.15,676.63
DJIA,4/1/1961,5891.2,678.71
DJIA,5/1/1961,6047.53,696.72
DJIA,6/1/1961,5936.77,683.96
DJIA,7/1/1961,6082.41,705.37
DJIA,8/1/1961,6228.2,719.94
DJIA,9/1/1961,6046.53,701.21
DJIA,10/1/1961,6069.9,703.92
DJIA,11/1/1961,6222.36,721.6
DJIA,12/1/1961,6304.62,731.14
DJIA,1/1/1962,6036.1,700
DJIA,2/1/1962,6084.98,708.05
DJIA,3/1/1962,6075.53,706.95
DJIA,4/1/1962,5698.55,665.33
DJIA,5/1/1962,5253.43,613.36
DJIA,6/1/1962,4807.36,561.28
DJIA,7/1/1962,5104.53,597.93
DJIA,8/1/1962,5200.57,609.18
DJIA,9/1/1962,4926.54,578.98
DJIA,10/1/1962,5018.35,589.77
DJIA,11/1/1962,5524.89,649.3
DJIA,12/1/1962,5548.72,652.1
DJIA,1/1/1963,5810.37,682.85
DJIA,2/1/1963,5640.96,662.94
DJIA,3/1/1963,5788.45,682.52
DJIA,4/1/1963,6086.81,717.7
DJIA,5/1/1963,6165.35,726.96
DJIA,6/1/1963,5975.96,706.88
DJIA,7/1/1963,5859.69,695.43
DJIA,8/1/1963,6145.25,729.32
DJIA,9/1/1963,6174.49,732.79
DJIA,10/1/1963,6343.18,755.23
DJIA,11/1/1963,6303.62,750.52
DJIA,12/1/1963,6386.65,762.95
DJIA,1/1/1964,6574.08,785.34
DJIA,2/1/1964,6697.97,800.14
DJIA,3/1/1964,6808.05,813.29
DJIA,4/1/1964,6786.96,810.77
DJIA,5/1/1964,6868.91,820.56
DJIA,6/1/1964,6938.04,831.5
DJIA,7/1/1964,6996.27,841.1
DJIA,8/1/1964,6996.28,838.48
DJIA,9/1/1964,7281.33,875.37
DJIA,10/1/1964,7262.28,873.08
DJIA,11/1/1964,7258.19,875.43
DJIA,12/1/1964,7247.41,874.13
DJIA,1/1/1965,7485.61,902.86
DJIA,2/1/1965,7490.75,903.48
DJIA,3/1/1965,7347.11,889.05
DJIA,4/1/1965,7597.99,922.31
DJIA,5/1/1965,7562.81,918.04
DJIA,6/1/1965,7105.69,868.03
DJIA,7/1/1965,7217.92,881.74
DJIA,8/1/1965,7310.92,893.1
DJIA,9/1/1965,7617.73,930.58
DJIA,10/1/1965,7840.29,960.82
DJIA,11/1/1965,7725.15,946.71
DJIA,12/1/1965,7884.93,969.26
DJIA,1/1/1966,8000.85,983.51
DJIA,2/1/1966,7695.08,951.89
DJIA,3/1/1966,7452.72,924.77
DJIA,4/1/1966,7477.84,933.68
DJIA,5/1/1966,7080.52,884.07
DJIA,6/1/1966,6946.88,870.1
DJIA,7/1/1966,6744.3,847.38
DJIA,8/1/1966,6237.11,788.41
DJIA,9/1/1966,6124.85,774.22
DJIA,10/1/1966,6345.99,807.07
DJIA,11/1/1966,6224.27,791.59
DJIA,12/1/1966,6177.88,785.69
DJIA,1/1/1967,6682.69,849.89
DJIA,2/1/1967,6599.97,839.37
DJIA,3/1/1967,6788.42,865.98
DJIA,4/1/1967,7010.45,897.05
DJIA,5/1/1967,6643.15,852.56
DJIA,6/1/1967,6682.5,860.26
DJIA,7/1/1967,7003.34,904.24
DJIA,8/1/1967,6959.76,901.29
DJIA,9/1/1967,7134.36,926.66
DJIA,10/1/1967,6752.88,879.74
DJIA,11/1/1967,6702.57,875.81
DJIA,12/1/1967,6906.89,905.11
DJIA,1/1/1968,6489.6,855.47
DJIA,2/1/1968,6357.54,840.5
DJIA,3/1/1968,6340.33,840.67
DJIA,4/1/1968,6859.89,912.22
DJIA,5/1/1968,6740.7,899
DJIA,6/1/1968,6693.1,897.8
DJIA,7/1/1968,6544.8,883
DJIA,8/1/1968,6622.41,896.01
DJIA,9/1/1968,6896.77,935.79
DJIA,10/1/1968,6979.11,952.39
DJIA,11/1/1968,7197.98,985.08
DJIA,12/1/1968,6877.11,943.75
DJIA,1/1/1969,6874,946.05
DJIA,2/1/1969,6541.05,905.21
DJIA,3/1/1969,6703.65,935.48
DJIA,4/1/1969,6770.98,950.18
DJIA,5/1/1969,6663.24,937.56
DJIA,6/1/1969,6171.71,873.19
DJIA,7/1/1969,5731.94,815.47
DJIA,8/1/1969,5849.51,836.72
DJIA,9/1/1969,5668.86,813.09
DJIA,10/1/1969,5936.29,855.99
DJIA,11/1/1969,5603.25,812.3
DJIA,12/1/1969,5491.27,800.36
DJIA,1/1/1970,5091.6,744.06
DJIA,2/1/1970,5293.06,777.59
DJIA,3/1/1970,5319.88,785.57
DJIA,4/1/1970,4945.65,736.07
DJIA,5/1/1970,4694.35,700.44
DJIA,6/1/1970,4557.09,683.53
DJIA,7/1/1970,4869.42,734.12
DJIA,8/1/1970,5071.46,764.58
DJIA,9/1/1970,5019.73,760.68
DJIA,10/1/1970,4960.58,755.61
DJIA,11/1/1970,5187,794.09
DJIA,12/1/1970,5452.14,838.92
DJIA,1/1/1971,5644.38,868.5
DJIA,2/1/1971,5697.45,878.83
DJIA,3/1/1971,5848.56,904.37
DJIA,4/1/1971,6075.23,941.75
DJIA,5/1/1971,5827.23,907.81
DJIA,6/1/1971,5677.45,891.14
DJIA,7/1/1971,5456.18,858.43
DJIA,8/1/1971,5693.76,898.07
DJIA,9/1/1971,5624.78,887.19
DJIA,10/1/1971,5306.68,839
DJIA,11/1/1971,5258.23,831.34
DJIA,12/1/1971,5602.92,890.2
DJIA,1/1/1972,5678.26,902.17
DJIA,2/1/1972,5812.88,928.13
DJIA,3/1/1972,5877.49,940.7
DJIA,4/1/1972,5947.34,954.17
DJIA,5/1/1972,5973.76,960.72
DJIA,6/1/1972,5762.77,929.03
DJIA,7/1/1972,5709.34,924.74
DJIA,8/1/1972,5935.61,963.73
DJIA,9/1/1972,5856.89,953.27
DJIA,10/1/1972,5843,955.52
DJIA,11/1/1972,6212.1,1018.21
DJIA,12/1/1972,6208.86,1020.02
DJIA,1/1/1973,6066.05,999.02
DJIA,2/1/1973,5759.07,955.07
DJIA,3/1/1973,5681.33,951.01
DJIA,4/1/1973,5466.84,921.43
DJIA,5/1/1973,5311.11,901.41
DJIA,6/1/1973,5218.29,891.71
DJIA,7/1/1973,5409.25,926.4
DJIA,8/1/1973,5091.1,887.57
DJIA,9/1/1973,5420.25,947.1
DJIA,10/1/1973,5426.68,956.58
DJIA,11/1/1973,4634.2,822.25
DJIA,12/1/1973,4763.97,850.86
DJIA,1/1/1974,4749.16,855.55
DJIA,2/1/1974,4715.7,860.53
DJIA,3/1/1974,4582.23,846.68
DJIA,4/1/1974,4509.25,836.75
DJIA,5/1/1974,4269.95,802.17
DJIA,6/1/1974,4235.92,802.41
DJIA,7/1/1974,3965.9,757.43
DJIA,8/1/1974,3510.97,678.58
DJIA,9/1/1974,3107.43,607.87
DJIA,10/1/1974,3368.86,665.52
DJIA,11/1/1974,3107.53,618.66
DJIA,12/1/1974,3071.34,616.24
DJIA,1/1/1975,3493.82,703.69
DJIA,2/1/1975,3641.3,739.05
DJIA,3/1/1975,3770.85,768.15
DJIA,4/1/1975,4016.35,821.34
DJIA,5/1/1975,4046.59,832.29
DJIA,6/1/1975,4242.01,878.99
DJIA,7/1/1975,3968.8,831.51
DJIA,8/1/1975,3979.56,835.34
DJIA,9/1/1975,3761.4,793.88
DJIA,10/1/1975,3939.42,836.04
DJIA,11/1/1975,4026.21,860.67
DJIA,12/1/1975,3973.08,852.41
DJIA,1/1/1976,4537,975.28
DJIA,2/1/1976,4509.02,972.61
DJIA,3/1/1976,4625.45,999.45
DJIA,4/1/1976,4596.48,996.85
DJIA,5/1/1976,4464.6,975.23
DJIA,6/1/1976,4566.66,1002.78
DJIA,7/1/1976,4460.42,984.64
DJIA,8/1/1976,4388.65,973.74
DJIA,9/1/1976,4446.94,990.19
DJIA,10/1/1976,4311.31,964.93
DJIA,11/1/1976,4224.6,947.22
DJIA,12/1/1976,4465.67,1004.65
DJIA,1/1/1977,4220.22,954.37
DJIA,2/1/1977,4098.71,936.42
DJIA,3/1/1977,3996.38,919.13
DJIA,4/1/1977,3995.87,926.9
DJIA,5/1/1977,3855.25,898.66
DJIA,6/1/1977,3905.27,916.3
DJIA,7/1/1977,3774.79,890.07
DJIA,8/1/1977,3641.52,861.49
DJIA,9/1/1977,3568.87,847.11
DJIA,10/1/1977,3436.25,818.35
DJIA,11/1/1977,3467.32,829.7
DJIA,12/1/1977,3462.65,831.17
DJIA,1/1/1978,3186.7,769.92
DJIA,2/1/1978,3052.34,742.12
DJIA,3/1/1978,3090.03,757.36
DJIA,4/1/1978,3389.47,837.32
DJIA,5/1/1978,3371.69,840.61
DJIA,6/1/1978,3248.77,818.95
DJIA,7/1/1978,3394.76,862.27
DJIA,8/1/1978,3436.26,876.82
DJIA,9/1/1978,3368.04,865.82
DJIA,10/1/1978,3054.89,792.45
DJIA,11/1/1978,3066.68,799.03
DJIA,12/1/1978,3075.94,805.01
DJIA,1/1/1979,3178.13,839.22
DJIA,2/1/1979,3028.22,808.82
DJIA,3/1/1979,3195.24,862.18
DJIA,4/1/1979,3132.35,854.9
DJIA,5/1/1979,2975.19,822.33
DJIA,6/1/1979,3012.6,841.98
DJIA,7/1/1979,2995.48,846.42
DJIA,8/1/1979,3111.14,887.63
DJIA,9/1/1979,3046.92,878.58
DJIA,10/1/1979,2806.01,815.7
DJIA,11/1/1979,2802.57,822.35
DJIA,12/1/1979,2829.07,838.74
DJIA,1/1/1980,2912.2,875.85
DJIA,2/1/1980,2830.24,863.14
DJIA,3/1/1980,2537.19,785.75
DJIA,4/1/1980,2609.69,817.06
DJIA,5/1/1980,2690.39,850.85
DJIA,6/1/1980,2714.85,867.92
DJIA,7/1/1980,2925.68,935.32
DJIA,8/1/1980,2895.69,932.59
DJIA,9/1/1980,2871.85,932.42
DJIA,10/1/1980,2819.69,924.49
DJIA,11/1/1980,3004.85,993.34
DJIA,12/1/1980,2889.08,963.99
DJIA,1/1/1981,2816.23,947.27
DJIA,2/1/1981,2868.19,974.58
DJIA,3/1/1981,2934.31,1003.87
DJIA,4/1/1981,2896.47,997.75
DJIA,5/1/1981,2857.23,991.75
DJIA,6/1/1981,2788.99,976.88
DJIA,7/1/1981,2689.41,952.34
DJIA,8/1/1981,2470.76,881.47
DJIA,9/1/1981,2359.54,849.98
DJIA,10/1/1981,2361.56,852.55
DJIA,11/1/1981,2454.47,888.98
DJIA,12/1/1981,2408,875
DJIA,1/1/1982,2389.43,871.1
DJIA,2/1/1982,2253.88,824.39
DJIA,3/1/1982,2251.92,822.77
DJIA,4/1/1982,2312.63,848.36
DJIA,5/1/1982,2212.76,819.54
DJIA,6/1/1982,2165.42,811.93
DJIA,7/1/1982,2145.22,808.6
DJIA,8/1/1982,2386.67,901.31
DJIA,9/1/1982,2367.89,896.25
DJIA,10/1/1982,2612.19,991.72
DJIA,11/1/1982,2743.7,1039.28
DJIA,12/1/1982,2773.33,1046.54
DJIA,1/1/1983,2845.23,1075.7
DJIA,2/1/1983,2939.54,1112.62
DJIA,3/1/1983,2985.54,1130.03
DJIA,4/1/1983,3217.55,1226.2
DJIA,5/1/1983,3129.55,1199.98
DJIA,6/1/1983,3177.1,1221.96
DJIA,7/1/1983,3104.78,1199.22
DJIA,8/1/1983,3140.13,1216.16
DJIA,9/1/1983,3167.91,1233.13
DJIA,10/1/1983,3137.74,1225.2
DJIA,11/1/1983,3261.51,1276.02
DJIA,12/1/1983,3214.57,1258.64
DJIA,1/1/1984,3099.05,1220.58
DJIA,2/1/1984,2916.6,1154.63
DJIA,3/1/1984,2936.69,1164.89
DJIA,4/1/1984,2937.41,1170.75
DJIA,5/1/1984,2764.33,1104.85
DJIA,6/1/1984,2824.21,1132.4
DJIA,7/1/1984,2771.47,1115.28
DJIA,8/1/1984,3030.34,1224.38
DJIA,9/1/1984,2973.33,1206.71
DJIA,10/1/1984,2966.53,1207.38
DJIA,11/1/1984,2921.23,1188.94
DJIA,12/1/1984,2976.83,1211.57
DJIA,1/1/1985,3155.16,1286.77
DJIA,2/1/1985,3132.98,1284.01
DJIA,3/1/1985,3079.54,1266.78
DJIA,4/1/1985,3044.51,1258.06
DJIA,5/1/1985,3171.45,1315.41
DJIA,6/1/1985,3210.45,1335.46
DJIA,7/1/1985,3233.88,1347.45
DJIA,8/1/1985,3194.95,1334.01
DJIA,9/1/1985,3174.1,1328.63
DJIA,10/1/1985,3270.86,1374.31
DJIA,11/1/1985,3493.36,1472.13
DJIA,12/1/1985,3660.97,1546.67
DJIA,1/1/1986,3707.54,1570.99
DJIA,2/1/1986,4045.35,1709.06
DJIA,3/1/1986,4324.65,1818.61
DJIA,4/1/1986,4249.44,1783.98
DJIA,5/1/1986,4457.19,1876.71
DJIA,6/1/1986,4470.6,1892.72
DJIA,7/1/1986,4193.28,1775.31
DJIA,8/1/1986,4476.29,1898.34
DJIA,9/1/1986,4148.51,1767.58
DJIA,10/1/1986,4403.23,1877.71
DJIA,11/1/1986,4485.04,1914.23
DJIA,12/1/1986,4438.42,1895.95
DJIA,1/1/1987,5019.6,2158.04
DJIA,2/1/1987,5155.21,2223.99
DJIA,3/1/1987,5319.22,2304.69
DJIA,4/1/1987,5247.2,2286.36
DJIA,5/1/1987,5240.82,2291.57
DJIA,6/1/1987,5511.83,2418.53
DJIA,7/1/1987,5846.32,2572.07
DJIA,8/1/1987,6020.93,2662.95
DJIA,9/1/1987,5839.03,2596.28
DJIA,10/1/1987,4473.48,1993.53
DJIA,11/1/1987,4110.82,1833.55
DJIA,12/1/1987,4346.86,1938.83
DJIA,1/1/1988,4378.58,1958.22
DJIA,2/1/1988,4619.71,2071.62
DJIA,3/1/1988,4413.49,1988.06
DJIA,4/1/1988,4489.42,2032.33
DJIA,5/1/1988,4472.53,2031.12
DJIA,6/1/1988,4694.63,2141.71
DJIA,7/1/1988,4647.02,2128.73
DJIA,8/1/1988,4416.81,2031.65
DJIA,9/1/1988,4561.77,2112.91
DJIA,10/1/1988,4623.89,2148.65
DJIA,11/1/1988,4546.2,2114.51
DJIA,12/1/1988,4655.92,2168.57
DJIA,1/1/1989,5003.2,2342.32
DJIA,2/1/1989,4803.6,2258.39
DJIA,3/1/1989,4851.01,2293.62
DJIA,4/1/1989,5081.9,2418.8
DJIA,5/1/1989,5181.03,2480.15
DJIA,6/1/1989,5085.09,2440.06
DJIA,7/1/1989,5531.51,2660.66
DJIA,8/1/1989,5682.57,2737.27
DJIA,9/1/1989,5571.44,2692.82
DJIA,10/1/1989,5448.86,2645.08
DJIA,11/1/1989,5561.38,2706.27
DJIA,12/1/1989,5646.81,2753.2
DJIA,1/1/1990,5258.8,2590.54
DJIA,2/1/1990,5309.67,2627.25
DJIA,3/1/1990,5441.49,2707.21
DJIA,4/1/1990,5332.12,2656.76
DJIA,5/1/1990,5759.07,2876.66
DJIA,6/1/1990,5735.45,2880.69
DJIA,7/1/1990,5763.92,2905.2
DJIA,8/1/1990,5139.83,2614.36
DJIA,9/1/1990,4779.88,2452.48
DJIA,10/1/1990,4733.24,2442.33
DJIA,11/1/1990,4947.8,2559.65
DJIA,12/1/1990,5090.86,2633.66
DJIA,1/1/1991,5259.34,2736.39
DJIA,2/1/1991,5530.9,2882.18
DJIA,3/1/1991,5582.96,2913.86
DJIA,4/1/1991,5524.5,2887.87
DJIA,5/1/1991,5776.47,3027.5
DJIA,6/1/1991,5528.64,2906.75
DJIA,7/1/1991,5744.13,3024.82
DJIA,8/1/1991,5764.58,3043.6
DJIA,9/1/1991,5686.61,3016.77
DJIA,10/1/1991,5779.12,3069.1
DJIA,11/1/1991,5433.31,2894.68
DJIA,12/1/1991,5944.73,3168.83
DJIA,1/1/1992,6037.43,3223.4
DJIA,2/1/1992,6097.53,3267.7
DJIA,3/1/1992,6008.32,3235.5
DJIA,4/1/1992,6227.77,3359.1
DJIA,5/1/1992,6291.06,3396.9
DJIA,6/1/1992,6122.63,3318.5
DJIA,7/1/1992,6247.99,3393.8
DJIA,8/1/1992,5980.59,3257.4
DJIA,9/1/1992,5990.48,3271.7
DJIA,10/1/1992,5884.77,3226.3
DJIA,11/1/1992,6022.07,3305.2
DJIA,12/1/1992,6017.92,3301.11
DJIA,1/1/1993,6004.34,3310
DJIA,2/1/1993,6094.42,3370.81
DJIA,3/1/1993,6186.63,3435.11
DJIA,4/1/1993,6155.88,3427.55
DJIA,5/1/1993,6328.21,3527.43
DJIA,6/1/1993,6297.3,3516.08
DJIA,7/1/1993,6339.19,3539.47
DJIA,8/1/1993,6521.13,3651.25
DJIA,9/1/1993,6338.78,3555.12
DJIA,10/1/1993,6533.05,3680.59
DJIA,11/1/1993,6535.33,3683.95
DJIA,12/1/1993,6659.76,3754.09
DJIA,1/1/1994,7037.72,3978.36
DJIA,2/1/1994,6755.85,3832.02
DJIA,3/1/1994,6388.38,3635.96
DJIA,4/1/1994,6461.37,3681.69
DJIA,5/1/1994,6592.18,3758.37
DJIA,6/1/1994,6336.43,3624.96
DJIA,7/1/1994,6561.52,3764.5
DJIA,8/1/1994,6793.7,3913.42
DJIA,9/1/1994,6652.56,3843.19
DJIA,10/1/1994,6761.05,3908.12
DJIA,11/1/1994,6461.39,3739.23
DJIA,12/1/1994,6625.91,3834.44
DJIA,1/1/1995,6615.28,3843.86
DJIA,2/1/1995,6874.94,4011.05
DJIA,3/1/1995,7105.49,4157.69
DJIA,4/1/1995,7359.12,4321.27
DJIA,5/1/1995,7590.74,4465.14
DJIA,6/1/1995,7727.15,4556.1
DJIA,7/1/1995,7985.57,4708.47
DJIA,8/1/1995,7801.07,4610.56
DJIA,9/1/1995,8083.97,4789.08
DJIA,10/1/1995,8003.47,4755.48
DJIA,11/1/1995,8545.44,5074.49
DJIA,12/1/1995,8622.35,5117.12
DJIA,1/1/1996,9037.13,5395.3
DJIA,2/1/1996,9160.99,5485.62
DJIA,3/1/1996,9280.24,5587.14
DJIA,4/1/1996,9216.83,5569.08
DJIA,5/1/1996,9322.53,5643.18
DJIA,6/1/1996,9335.79,5654.63
DJIA,7/1/1996,9111.64,5528.91
DJIA,8/1/1996,9233.05,5616.21
DJIA,9/1/1996,9640.88,5882.17
DJIA,10/1/1996,9852.01,6029.38
DJIA,11/1/1996,10636.89,6521.7
DJIA,12/1/1996,10517.13,6448.27
DJIA,1/1/1997,11078.08,6813.09
DJIA,2/1/1997,11148.82,6877.74
DJIA,3/1/1997,10645.49,6583.48
DJIA,4/1/1997,11319.54,7009
DJIA,5/1/1997,11846.9,7331
DJIA,6/1/1997,12383.9,7672.8
DJIA,7/1/1997,13254.83,8222.6
DJIA,8/1/1997,12264.44,7622.4
DJIA,9/1/1997,12752.21,7945.3
DJIA,10/1/1997,11914.8,7442.1
DJIA,11/1/1997,12532.61,7823.1
DJIA,12/1/1997,12684.91,7908.3
DJIA,1/1/1998,12658.31,7906.5
DJIA,2/1/1998,13656.06,8545.72
DJIA,3/1/1998,14035.7,8799.81
DJIA,4/1/1998,14428.89,9063.37
DJIA,5/1/1998,14142.02,8899.95
DJIA,6/1/1998,14206.86,8952.02
DJIA,7/1/1998,14080.01,8883.29
DJIA,8/1/1998,11934.35,7539.07
DJIA,9/1/1998,12399.18,7842.62
DJIA,10/1/1998,13549.74,8592.1
DJIA,11/1/1998,14376.8,9116.55
DJIA,12/1/1998,14488.3,9181.43
DJIA,1/1/1999,14730.8,9358.83
DJIA,2/1/1999,14639.25,9306.58
DJIA,3/1/1999,15344.7,9786.16
DJIA,4/1/1999,16787.75,10789.04
DJIA,5/1/1999,16430.96,10559.74
DJIA,6/1/1999,17070.56,10970.8
DJIA,7/1/1999,16536.79,10655.15
DJIA,8/1/1999,16763.73,10829.28
DJIA,9/1/1999,15929.24,10336.95
DJIA,10/1/1999,16502.52,10729.86
DJIA,11/1/1999,16719.19,10877.81
DJIA,12/1/1999,17671.07,11497.12
DJIA,1/1/2000,16760.89,10940.53
DJIA,2/1/2000,15425.42,10128.31
DJIA,3/1/2000,16503.02,10921.92
DJIA,4/1/2000,16208.2,10733.91
DJIA,5/1/2000,15867.67,10522.33
DJIA,6/1/2000,15671.84,10447.89
DJIA,7/1/2000,15751.4,10521.98
DJIA,8/1/2000,16789,11215.1
DJIA,9/1/2000,15859.22,10650.92
DJIA,10/1/2000,16314.09,10971.14
DJIA,11/1/2000,15475.93,10414.49
DJIA,12/1/2000,16041.74,10787.99
DJIA,1/1/2001,16080.63,10887.36
DJIA,2/1/2001,15438.56,10495.28
DJIA,3/1/2001,14502.05,9878.78
DJIA,4/1/2001,15694.53,10734.97
DJIA,5/1/2001,15887.78,10911.94
DJIA,6/1/2001,15259.99,10502.4
DJIA,7/1/2001,15331.73,10522.81
DJIA,8/1/2001,14496.79,9949.75
DJIA,9/1/2001,12837.81,8847.56
DJIA,10/1/2001,13213.4,9075.14
DJIA,11/1/2001,14363.57,9851.56
DJIA,12/1/2001,14671.58,10021.57
DJIA,1/1/2002,14493.12,9920
DJIA,2/1/2002,14704.42,10106.13
DJIA,3/1/2002,15054.5,10403.94
DJIA,4/1/2002,14312.61,9946.22
DJIA,5/1/2002,14282.43,9925.25
DJIA,6/1/2002,13291.81,9243.26
DJIA,7/1/2002,12545.74,8736.59
DJIA,8/1/2002,12406.13,8663.5
DJIA,9/1/2002,10848.87,7591.93
DJIA,10/1/2002,11982.56,8397.03
DJIA,11/1/2002,12694.72,8896.09
DJIA,12/1/2002,11928.53,8341.63
DJIA,1/1/2003,11468.63,8053.81
DJIA,2/1/2003,11150.1,7891.08
DJIA,3/1/2003,11220.95,7992.13
DJIA,4/1/2003,11931.49,8480.09
DJIA,5/1/2003,12478.87,8850.26
DJIA,6/1/2003,12651.5,8985.44
DJIA,7/1/2003,12991.96,9233.8
DJIA,8/1/2003,13191.56,9415.82
DJIA,9/1/2003,12957.26,9275.06
DJIA,10/1/2003,13701.97,9801.12
DJIA,11/1/2003,13715.01,9782.46
DJIA,12/1/2003,14677.3,10453.92
DJIA,1/1/2004,14651.83,10488.07
DJIA,2/1/2004,14701.06,10583.92
DJIA,3/1/2004,14293.63,10357.7
DJIA,4/1/2004,14070.38,10225.57
DJIA,5/1/2004,13937.8,10188.45
DJIA,6/1/2004,14233.99,10435.48
DJIA,7/1/2004,13850.84,10139.71
DJIA,8/1/2004,13887.4,10173.92
DJIA,9/1/2004,13729.33,10080.27
DJIA,10/1/2004,13587.22,10027.47
DJIA,11/1/2004,14119.54,10428.02
DJIA,12/1/2004,14654.11,10783.01
DJIA,1/1/2005,14224.36,10489.94
DJIA,2/1/2005,14523.64,10766.23
DJIA,3/1/2005,14054.03,10503.76
DJIA,4/1/2005,13545.85,10192.51
DJIA,5/1/2005,13932.22,10467.48
DJIA,6/1/2005,13665.71,10274.97
DJIA,7/1/2005,14088.56,10640.91
DJIA,8/1/2005,13804.27,10481.6
DJIA,9/1/2005,13749.88,10568.7
DJIA,10/1/2005,13561.65,10440.07
DJIA,11/1/2005,14144.88,10805.87
DJIA,12/1/2005,14082.8,10717.5
DJIA,1/1/2006,14167.78,10864.86
DJIA,2/1/2006,14313.42,10993.41
DJIA,3/1/2006,14386.57,11109.32
DJIA,4/1/2006,14595.41,11367.14
DJIA,5/1/2006,14261.93,11168.31
DJIA,6/1/2006,14216.53,11150.22
DJIA,7/1/2006,14217,11185.68
DJIA,8/1/2006,14442.68,11381.15
DJIA,9/1/2006,14890.81,11679.07
DJIA,10/1/2006,15487.5,12080.73
DJIA,11/1/2006,15692.96,12221.93
DJIA,12/1/2006,15977.76,12463.15
DJIA,1/1/2007,16130.52,12621.69
DJIA,2/1/2007,15593.43,12268.63
DJIA,3/1/2007,15566.48,12354.35
DJIA,4/1/2007,16354.76,13062.91
DJIA,5/1/2007,16952.78,13627.64
DJIA,6/1/2007,16653.51,13408.62
DJIA,7/1/2007,16409.29,13211.99
DJIA,8/1/2007,16617.03,13357.74
DJIA,9/1/2007,17244.48,13895.63
DJIA,10/1/2007,17245.35,13930.01
DJIA,11/1/2007,16460.59,13371.72
DJIA,12/1/2007,16342.26,13264.82
DJIA,1/1/2008,15496.69,12650.36
DJIA,2/1/2008,14989.53,12266.39
DJIA,3/1/2008,14850.36,12262.89
DJIA,4/1/2008,15435.44,12820.13
DJIA,5/1/2008,15090.15,12638.32
DJIA,6/1/2008,13415.71,11350.01
DJIA,7/1/2008,13380.55,11378.02
DJIA,8/1/2008,13633.42,11543.96
DJIA,9/1/2008,12825.48,10850.66
DJIA,10/1/2008,11134.06,9325.01
DJIA,11/1/2008,10753.77,8829.04
DJIA,12/1/2008,10794.96,8776.39
DJIA,1/1/2009,9801.05,8000.86
DJIA,2/1/2009,8609.71,7062.93
DJIA,3/1/2009,9252.45,7608.92
DJIA,4/1/2009,9907.93,8168.12
DJIA,5/1/2009,10285.4,8500.33
DJIA,6/1/2009,10127.95,8447
DJIA,7/1/2009,11015.1,9171.61
DJIA,8/1/2009,11386.04,9496.28
DJIA,9/1/2009,11635.31,9712.28
DJIA,10/1/2009,11626.14,9712.73
DJIA,11/1/2009,12372.43,10344.84
DJIA,12/1/2009,12492.8,10428.05
DJIA,1/1/2010,12020.39,10067.33
DJIA,2/1/2010,12318.04,10325.26
DJIA,3/1/2010,12908.53,10856.63
DJIA,4/1/2010,13067.22,11008.61
DJIA,5/1/2010,12022.04,10136.63
DJIA,6/1/2010,11601.76,9774.02
DJIA,7/1/2010,12423.07,10465.94
DJIA,8/1/2010,11867.44,10014.72
DJIA,9/1/2010,12773.05,10788.05
DJIA,10/1/2010,13153.17,11118.49
DJIA,11/1/2010,13009.12,11006.02
DJIA,12/1/2010,13661.46,11577.51
DJIA,1/1/2011,13973.02,11891.93
DJIA,2/1/2011,14292.59,12226.34
DJIA,3/1/2011,14266.25,12319.73
DJIA,4/1/2011,14732.12,12810.54
DJIA,5/1/2011,14392.41,12569.79
DJIA,6/1/2011,14226.83,12414.34
DJIA,7/1/2011,13904.01,12143.24
DJIA,8/1/2011,13262.65,11613.53
DJIA,9/1/2011,12441.25,10913.38
DJIA,10/1/2011,13652.62,11955.01
DJIA,11/1/2011,13768.21,12045.68
DJIA,12/1/2011,14001.32,12217.56
DJIA,1/1/2012,14414.15,12632.91
DJIA,2/1/2012,14713.55,12952.07
DJIA,3/1/2012,14903.18,13212.04
DJIA,4/1/2012,14852.12,13213.63
DJIA,5/1/2012,13955.02,12393.45
DJIA,6/1/2012,14515.86,12880.09
DJIA,7/1/2012,14686.8,13008.68
DJIA,8/1/2012,14701.01,13090.84
DJIA,9/1/2012,15022.71,13437.13
DJIA,10/1/2012,14641.84,13096.46
DJIA,11/1/2012,14640.75,13025.58
DJIA,12/1/2012,14768.37,13104.14
DJIA,1/1/2013,15565.43,13860.58
DJIA,2/1/2013,15656.7,14054.49
DJIA,3/1/2013,16196.76,14578.54
DJIA,4/1/2013,16501.86,14839.8
DJIA,5/1/2013,16778.28,15115.57
DJIA,6/1/2013,16519.84,14909.6
DJIA,7/1/2013,17157.99,15499.54
DJIA,8/1/2013,16380.2,14810.31
DJIA,9/1/2013,16718.29,15129.67
DJIA,10/1/2013,17224.69,15545.75
DJIA,11/1/2013,17855.92,16086.41
DJIA,12/1/2013,18400.09,16576.66
DJIA,1/1/2014,17362.93,15698.85
DJIA,2/1/2014,17986.52,16321.71
DJIA,3/1/2014,18021.14,16457.66
DJIA,4/1/2014,18089.7,16580.84
DJIA,5/1/2014,18171.56,16717.17
DJIA,6/1/2014,18256.86,16826.6
DJIA,7/1/2014,17987.74,16563.3
DJIA,8/1/2014,18603.11,17098.45
DJIA,9/1/2014,18525.63,17042.9
DJIA,10/1/2014,18938.28,17390.52
DJIA,11/1/2014,19521.92,17828.24
DJIA,12/1/2014,19641.02,17823.07
DJIA,1/1/2015,19001.6,17164.95
DJIA,2/1/2015,19982.24,18132.7
DJIA,3/1/2015,19482.63,17776.12
DJIA,4/1/2015,19499.69,17840.52
DJIA,5/1/2015,19595.62,18010.68
DJIA,6/1/2015,19099.55,17619.51
DJIA,7/1/2015,19175.81,17689.86
DJIA,8/1/2015,17932.91,16528.03
DJIA,9/1/2015,17701.47,16284.7
DJIA,10/1/2015,19217.93,17663.54
DJIA,11/1/2015,19314.71,17719.92
DJIA,12/1/2015,19062.98,17425.03
DJIA,1/1/2016,17981.2,16466.3
DJIA,2/1/2016,18019.5,16516.5
DJIA,3/1/2016,19206.01,17685.09
DJIA,4/1/2016,19213.3,17773.64
DJIA,5/1/2016,19156.81,17787.2
DJIA,6/1/2016,19238.88,17929.99
DJIA,7/1/2016,19814.66,18432.24
DJIA,8/1/2016,19762.55,18400.88
DJIA,9/1/2016,19608.03,18308.15
DJIA,10/1/2016,19412.39,18142.42
DJIA,11/1/2016,20500.48,19123.58
DJIA,12/1/2016,21165.74,19762.6
DJIA,1/1/2017,21155.26,19864.09
DJIA,2/1/2017,22102.6,20812.24
DJIA,3/1/2017,21923.68,20663.22
DJIA,4/1/2017,22155.06,20940.51
DJIA,5/1/2017,22206.14,21008.65
DJIA,6/1/2017,22545.21,21349.63
DJIA,7/1/2017,23138.91,21891.12
DJIA,8/1/2017,23133.3,21948.1
DJIA,9/1/2017,23480.53,22405.09
DJIA,10/1/2017,24522.72,23377.24
DJIA,11/1/2017,25461.7,24272.35
DJIA,12/1/2017,25930.46,24719.22
DJIA,1/1/2018,27299.96,26149.39
DJIA,2/1/2018,26005.34,25029.2
DJIA,3/1/2018,24994.93,24103.11
DJIA,4/1/2018,24936.37,24163.15
DJIA,5/1/2018,25099.48,24415.84
DJIA,6/1/2018,24926.74,24271.41
DJIA,7/1/2018,26075.98,25415.19
DJIA,8/1/2018,26639.91,25964.82
DJIA,9/1/2018,27119.77,26458.31
DJIA,10/1/2018,25693.42,25115.76
DJIA,11/1/2018,26202.46,25538.46
DJIA,12/1/2018,24027.28,23327.46
DJIA,1/1/2019,25699.66,24999.67
DJIA,2/1/2019,26512.07,25916
DJIA,3/1/2019,26395.4,25928.68
DJIA,4/1/2019,26912.02,26592.91
DJIA,5/1/2019,25063.19,24815.04
DJIA,6/1/2019,26865.96,26599.96
DJIA,7/1/2019,27079.18,26864.27
DJIA,8/1/2019,26614.51,26403.28
DJIA,9/1/2019,27105.25,26916.83
DJIA,10/1/2019,27181.46,27046.23
DJIA,11/1/2019,28219.72,28051.41
DJIA,12/1/2019,28738.21,28538.44
DJIA,1/1/2020,28340.8,28256.03
DJIA,2/1/2020,25409.36,25409.36
DJIA,3/1/2020,21917.16,21917.16
DJIA,4/1/2020,23719.37,23719.37
